{
  "homebrew_version": "4.2.2",
  "used_options": [

  ],
  "unused_options": [

  ],
  "built_as_bottle": false,
  "poured_from_bottle": false,
  "loaded_from_api": false,
  "installed_as_dependency": false,
  "installed_on_request": true,
  "changed_files": null,
  "time": 1704711990,
  "source_modified_time": 1675543921,
  "compiler": "clang",
  "aliases": [

  ],
  "runtime_dependencies": [
    {
      "full_name": "libogg",
      "version": "1.3.5",
      "revision": 0,
      "pkg_version": "1.3.5",
      "declared_directly": false
    },
    {
      "full_name": "flac",
      "version": "1.4.3",
      "revision": 0,
      "pkg_version": "1.4.3",
      "declared_directly": true
    },
    {
      "full_name": "libsoxr",
      "version": "0.1.3",
      "revision": 0,
      "pkg_version": "0.1.3",
      "declared_directly": true
    },
    {
      "full_name": "libvorbis",
      "version": "1.3.7",
      "revision": 0,
      "pkg_version": "1.3.7",
      "declared_directly": true
    },
    {
      "full_name": "opus",
      "version": "1.4",
      "revision": 0,
      "pkg_version": "1.4",
      "declared_directly": true
    },
    {
      "full_name": "llvm@15",
      "version": "15.0.7",
      "revision": 0,
      "pkg_version": "15.0.7",
      "declared_directly": false
    }
  ],
  "source": {
    "path": "/Users/coolermac/Desktop/snapcast.rb",
    "tap": null,
    "tap_git_head": null,
    "spec": "stable",
    "versions": {
      "stable": "0.27.0",
      "head": null,
      "version_scheme": 0
    }
  },
  "arch": "x86_64",
  "built_on": {
    "os": "Macintosh",
    "os_version": "macOS 10.13.6",
    "cpu_family": "sandybridge",
    "xcode": "10.1",
    "clt": "10.1.0.0.1.1539992718",
    "preferred_perl": "5.18"
  }
}